State FIPS Code,County FIPS Code,Name,Median Household Income
00,000,United States,53657
01,000,Alabama,42917
01,001,Autauga County,54366
01,003,Baldwin County,49626
01,005,Barbour County,34971
01,007,Bibb County,39546
01,009,Blount County,45567
01,011,Bullock County,26580
01,013,Butler County,32512
01,015,Calhoun County,41123
01,017,Chambers County,34116
01,019,Cherokee County,38013
01,021,Chilton County,41450
01,023,Choctaw County,35049
01,025,Clarke County,36620
01,027,Clay County,35940
01,029,Cleburne County,40418
01,031,Coffee County,46931
01,033,Colbert County,43057
01,035,Conecuh County,29101
01,037,Coosa County,34679
01,039,Covington County,36149
01,041,Crenshaw County,34445
01,043,Cullman County,39922
01,045,Dale County,41940
01,047,Dallas County,26602
01,049,DeKalb County,36241
01,051,Elmore County,54298
01,053,Escambia County,37077
01,055,Etowah County,39904
01,057,Fayette County,35664
01,059,Franklin County,33881
01,061,Geneva County,34425
01,063,Greene County,26504
01,065,Hale County,33315
01,067,Henry County,39930
01,069,Houston County,40124
01,071,Jackson County,36923
01,073,Jefferson County,44852
01,075,Lamar County,34553
01,077,Lauderdale County,41324
01,079,Lawrence County,41574
01,081,Lee County,41256
01,083,Limestone County,51175
01,085,Lowndes County,30675
01,087,Macon County,28518
01,089,Madison County,58833
01,091,Marengo County,32977
01,093,Marion County,37707
01,095,Marshall County,36536
01,097,Mobile County,42943
01,099,Monroe County,34733
01,101,Montgomery County,43054
01,103,Morgan County,45082
01,105,Perry County,27403
01,107,Pickens County,31933
01,109,Pike County,31844
01,111,Randolph County,36939
01,113,Russell County,35585
01,115,St. Clair County,50571
01,117,Shelby County,69432
01,119,Sumter County,25413
01,121,Talladega County,39999
01,123,Tallapoosa County,36779
01,125,Tuscaloosa County,46892
01,127,Walker County,37245
01,129,Washington County,41321
01,131,Wilcox County,24035
01,133,Winston County,35528
02,000,Alaska,70898
02,013,Aleutians East Borough,55462
02,016,Aleutians West Census Area,68387
02,020,Anchorage Borough,75200
02,050,Bethel Census Area,45808
02,060,Bristol Bay Borough,75364
02,068,Denali Borough,69692
02,070,Dillingham Census Area,51082
02,090,Fairbanks North Star Borough,67801
02,100,Haines Borough,67260
02,105,Hoonah-Angoon Census Area,51687
02,110,Juneau Borough,80835
02,122,Kenai Peninsula Borough,62532
02,130,Ketchikan Gateway Borough,57776
02,150,Kodiak Island Borough,67972
02,164,Lake and Peninsula Borough,45570
02,170,Matanuska-Susitna Borough,73981
02,180,Nome Census Area,47160
02,185,North Slope Borough,75682
02,188,Northwest Arctic Borough,65192
02,195,Petersburg Borough,56655
02,198,Prince of Wales-Hyder Census Area,43245
02,220,Sitka Borough,65765
02,230,Skagway Municipality,69170
02,240,Southeast Fairbanks Census Area,59641
02,261,Valdez-Cordova Census Area,73998
02,270,Wade Hampton Census Area,30877
02,275,Wrangell City and Borough,52201
02,282,Yakutat Borough,52595
02,290,Yukon-Koyukuk Census Area,36708
04,000,Arizona,50036
04,001,Apache County,32366
04,003,Cochise County,45025
04,005,Coconino County,48653
04,007,Gila County,37677
04,009,Graham County,46046
04,011,Greenlee County,59416
04,012,La Paz County,32533
04,013,Maricopa County,53929
04,015,Mohave County,37704
04,017,Navajo County,35457
04,019,Pima County,45871
04,021,Pinal County,49876
04,023,Santa Cruz County,37465
04,025,Yavapai County,44145
04,027,Yuma County,39700
05,000,Arkansas,41335
05,001,Arkansas County,36409
05,003,Ashley County,36176
05,005,Baxter County,37873
05,007,Benton County,57408
05,009,Boone County,39779
05,011,Bradley County,32734
05,013,Calhoun County,39493
05,015,Carroll County,36964
05,017,Chicot County,29541
05,019,Clark County,38504
05,021,Clay County,33826
05,023,Cleburne County,40555
05,025,Cleveland County,43201
05,027,Columbia County,37495
05,029,Conway County,42348
05,031,Craighead County,42851
05,033,Crawford County,43466
05,035,Crittenden County,35455
05,037,Cross County,38597
05,039,Dallas County,34018
05,041,Desha County,33028
05,043,Drew County,36801
05,045,Faulkner County,51436
05,047,Franklin County,40404
05,049,Fulton County,33347
05,051,Garland County,40621
05,053,Grant County,46067
05,055,Greene County,42572
05,057,Hempstead County,33136
05,059,Hot Spring County,37831
05,061,Howard County,37336
05,063,Independence County,41085
05,065,Izard County,32744
05,067,Jackson County,32427
05,069,Jefferson County,35927
05,071,Johnson County,34923
05,073,Lafayette County,32225
05,075,Lawrence County,34916
05,077,Lee County,28006
05,079,Lincoln County,37644
05,081,Little River County,37691
05,083,Logan County,36391
05,085,Lonoke County,54459
05,087,Madison County,39158
05,089,Marion County,33181
05,091,Miller County,40877
05,093,Mississippi County,33577
05,095,Monroe County,30682
05,097,Montgomery County,34597
05,099,Nevada County,30935
05,101,Newton County,35895
05,103,Ouachita County,34971
05,105,Perry County,40556
05,107,Phillips County,28171
05,109,Pike County,36893
05,111,Poinsett County,35851
05,113,Polk County,33127
05,115,Pope County,39909
05,117,Prairie County,39896
05,119,Pulaski County,45698
05,121,Randolph County,37761
05,123,St. Francis County,30489
05,125,Saline County,55915
05,127,Scott County,33202
05,129,Searcy County,31765
05,131,Sebastian County,39907
05,133,Sevier County,37014
05,135,Sharp County,32101
05,137,Stone County,30010
05,139,Union County,40841
05,141,Van Buren County,32975
05,143,Washington County,45589
05,145,White County,42044
05,147,Woodruff County,29969
05,149,Yell County,37080
06,000,California,61927
06,001,Alameda County,76996
06,003,Alpine County,53003
06,005,Amador County,54610
06,007,Butte County,42302
06,009,Calaveras County,53321
06,011,Colusa County,48006
06,013,Contra Costa County,80338
06,015,Del Norte County,41419
06,017,El Dorado County,70235
06,019,Fresno County,43338
06,021,Glenn County,43755
06,023,Humboldt County,40581
06,025,Imperial County,38737
06,027,Inyo County,49267
06,029,Kern County,47451
06,031,Kings County,44490
06,033,Lake County,36333
06,035,Lassen County,49995
06,037,Los Angeles County,55686
06,039,Madera County,43171
06,041,Marin County,94549
06,043,Mariposa County,47781
06,045,Mendocino County,42840
06,047,Merced County,43818
06,049,Modoc County,39172
06,051,Mono County,59181
06,053,Monterey County,57428
06,055,Napa County,71063
06,057,Nevada County,57118
06,059,Orange County,76061
06,061,Placer County,75689
06,063,Plumas County,47964
06,065,Riverside County,56877
06,067,Sacramento County,55803
06,069,San Benito County,68166
06,071,San Bernardino County,51951
06,073,San Diego County,66034
06,075,San Francisco County,83788
06,077,San Joaquin County,51527
06,079,San Luis Obispo County,61775
06,081,San Mateo County,100806
06,083,Santa Barbara County,62116
06,085,Santa Clara County,97219
06,087,Santa Cruz County,64257
06,089,Shasta County,43661
06,091,Sierra County,47293
06,093,Siskiyou County,38641
06,095,Solano County,67106
06,097,Sonoma County,66949
06,099,Stanislaus County,50917
06,101,Sutter County,51827
06,103,Tehama County,40782
06,105,Trinity County,34961
06,107,Tulare County,42360
06,109,Tuolumne County,49476
06,111,Ventura County,74967
06,113,Yolo County,54509
06,115,Yuba County,41403
08,000,Colorado,61324
08,001,Adams County,59316
08,003,Alamosa County,38140
08,005,Arapahoe County,65359
08,007,Archuleta County,44508
08,009,Baca County,36294
08,011,Bent County,35424
08,013,Boulder County,71546
08,014,Broomfield County,85885
08,015,Chaffee County,48840
08,017,Cheyenne County,52273
08,019,Clear Creek County,69115
08,021,Conejos County,33998
08,023,Costilla County,27882
08,025,Crowley County,32570
08,027,Custer County,48368
08,029,Delta County,45283
08,031,Denver County,54872
08,033,Dolores County,44235
08,035,Douglas County,107250
08,037,Eagle County,76661
08,039,Elbert County,83603
08,041,El Paso County,59286
08,043,Fremont County,41385
08,045,Garfield County,62529
08,047,Gilpin County,64752
08,049,Grand County,59379
08,051,Gunnison County,48940
08,053,Hinsdale County,51241
08,055,Huerfano County,32750
08,057,Jackson County,45073
08,059,Jefferson County,70687
08,061,Kiowa County,42310
08,063,Kit Carson County,46394
08,065,Lake County,46765
08,067,La Plata County,60658
08,069,Larimer County,57659
08,071,Las Animas County,39625
08,073,Lincoln County,41248
08,075,Logan County,45439
08,077,Mesa County,50106
08,079,Mineral County,51257
08,081,Moffat County,56193
08,083,Montezuma County,44163
08,085,Montrose County,46336
08,087,Morgan County,47631
08,089,Otero County,33043
08,091,Ouray County,57242
08,093,Park County,58487
08,095,Phillips County,47006
08,097,Pitkin County,73274
08,099,Prowers County,39184
08,101,Pueblo County,41382
08,103,Rio Blanco County,63184
08,105,Rio Grande County,40593
08,107,Routt County,66846
08,109,Saguache County,31227
08,111,San Juan County,40006
08,113,San Miguel County,59603
08,115,Sedgwick County,44562
08,117,Summit County,68352
08,119,Teller County,62380
08,121,Washington County,45784
08,123,Weld County,61501
08,125,Yuma County,46838
09,000,Connecticut,70007
09,001,Fairfield County,85336
09,003,Hartford County,65809
09,005,Litchfield County,73413
09,007,Middlesex County,76365
09,009,New Haven County,60387
09,011,New London County,65813
09,013,Tolland County,78653
09,015,Windham County,57547
10,000,Delaware,59853
10,001,Kent County,54271
10,003,New Castle County,64632
10,005,Sussex County,53316
11,000,District of Columbia,69992
11,001,District of Columbia,69992
12,000,Florida,47439
12,001,Alachua County,44325
12,003,Baker County,47121
12,005,Bay County,44800
12,007,Bradford County,39980
12,009,Brevard County,47973
12,011,Broward County,51485
12,013,Calhoun County,35256
12,015,Charlotte County,43242
12,017,Citrus County,36383
12,019,Clay County,58539
12,021,Collier County,58403
12,023,Columbia County,38484
12,027,DeSoto County,36945
12,029,Dixie County,32121
12,031,Duval County,46013
12,033,Escambia County,46139
12,035,Flagler County,51556
12,037,Franklin County,36788
12,039,Gadsden County,35849
12,041,Gilchrist County,40788
12,043,Glades County,38783
12,045,Gulf County,38419
12,047,Hamilton County,31734
12,049,Hardee County,35371
12,051,Hendry County,38494
12,053,Hernando County,40094
12,055,Highlands County,35787
12,057,Hillsborough County,50758
12,059,Holmes County,35651
12,061,Indian River County,47548
12,063,Jackson County,36876
12,065,Jefferson County,40205
12,067,Lafayette County,38071
12,069,Lake County,46895
12,071,Lee County,49147
12,073,Leon County,45463
12,075,Levy County,37433
12,077,Liberty County,38473
12,079,Madison County,33017
12,081,Manatee County,51673
12,083,Marion County,39860
12,085,Martin County,55472
12,086,Miami-Dade County,42754
12,087,Monroe County,57411
12,089,Nassau County,56728
12,091,Okaloosa County,55952
12,093,Okeechobee County,37065
12,095,Orange County,47069
12,097,Osceola County,42945
12,099,Palm Beach County,52225
12,101,Pasco County,45219
12,103,Pinellas County,45162
12,105,Polk County,42768
12,107,Putnam County,32054
12,109,St. Johns County,66560
12,111,St. Lucie County,42722
12,113,Santa Rosa County,58587
12,115,Sarasota County,52109
12,117,Seminole County,56443
12,119,Sumter County,51907
12,121,Suwannee County,38177
12,123,Taylor County,36374
12,125,Union County,40207
12,127,Volusia County,40881
12,129,Wakulla County,51642
12,131,Walton County,46867
12,133,Washington County,36482
13,000,Georgia,49240
13,001,Appling County,36642
13,003,Atkinson County,31740
13,005,Bacon County,34201
13,007,Baker County,43115
13,009,Baldwin County,37008
13,011,Banks County,46018
13,013,Barrow County,49698
13,015,Bartow County,51440
13,017,Ben Hill County,31081
13,019,Berrien County,35078
13,021,Bibb County,36014
13,023,Bleckley County,40454
13,025,Brantley County,36865
13,027,Brooks County,32903
13,029,Bryan County,66556
13,031,Bulloch County,36315
13,033,Burke County,35055
13,035,Butts County,41505
13,037,Calhoun County,30760
13,039,Camden County,51793
13,043,Candler County,31829
13,045,Carroll County,43442
13,047,Catoosa County,50728
13,049,Charlton County,34312
13,051,Chatham County,50154
13,053,Chattahoochee County,45933
13,055,Chattooga County,34830
13,057,Cherokee County,71168
13,059,Clarke County,31487
13,061,Clay County,27512
13,063,Clayton County,42985
13,065,Clinch County,31577
13,067,Cobb County,66970
13,069,Coffee County,33125
13,071,Colquitt County,33509
13,073,Columbia County,68067
13,075,Cook County,32408
13,077,Coweta County,60809
13,079,Crawford County,43111
13,081,Crisp County,31176
13,083,Dade County,42953
13,085,Dawson County,57491
13,087,Decatur County,33968
13,089,DeKalb County,50597
13,091,Dodge County,32293
13,093,Dooly County,31103
13,095,Dougherty County,32150
13,097,Douglas County,54581
13,099,Early County,34906
13,101,Echols County,34444
13,103,Effingham County,61195
13,105,Elbert County,35351
13,107,Emanuel County,30119
13,109,Evans County,33293
13,111,Fannin County,37813
13,113,Fayette County,79069
13,115,Floyd County,41814
13,117,Forsyth County,86413
13,119,Franklin County,38055
13,121,Fulton County,55516
13,123,Gilmer County,40010
13,125,Glascock County,39643
13,127,Glynn County,46737
13,129,Gordon County,43880
13,131,Grady County,35237
13,133,Greene County,42823
13,135,Gwinnett County,59858
13,137,Habersham County,40994
13,139,Hall County,52238
13,141,Hancock County,26309
13,143,Haralson County,40387
13,145,Harris County,66249
13,147,Hart County,38564
13,149,Heard County,41348
13,151,Henry County,60388
13,153,Houston County,53027
13,155,Irwin County,35955
13,157,Jackson County,51931
13,159,Jasper County,41818
13,161,Jeff Davis County,35235
13,163,Jefferson County,30835
13,165,Jenkins County,30678
13,167,Johnson County,29818
13,169,Jones County,51749
13,171,Lamar County,40339
13,173,Lanier County,37113
13,175,Laurens County,35807
13,177,Lee County,64533
13,179,Liberty County,41682
13,181,Lincoln County,39484
13,183,Long County,43193
13,185,Lowndes County,38887
13,187,Lumpkin County,44653
13,189,McDuffie County,37413
13,191,McIntosh County,37603
13,193,Macon County,29430
13,195,Madison County,45557
13,197,Marion County,36055
13,199,Meriwether County,37243
13,201,Miller County,35276
13,205,Mitchell County,32711
13,207,Monroe County,53542
13,209,Montgomery County,36436
13,211,Morgan County,50295
13,213,Murray County,40976
13,215,Muscogee County,41783
13,217,Newton County,48058
13,219,Oconee County,80631
13,221,Oglethorpe County,46840
13,223,Paulding County,63964
13,225,Peach County,40550
13,227,Pickens County,51047
13,229,Pierce County,40526
13,231,Pike County,50395
13,233,Polk County,38847
13,235,Pulaski County,36128
13,237,Putnam County,42125
13,239,Quitman County,29477
13,241,Rabun County,38449
13,243,Randolph County,25807
13,245,Richmond County,36012
13,247,Rockdale County,48287
13,249,Schley County,39601
13,251,Screven County,34012
13,253,Seminole County,37672
13,255,Spalding County,35555
13,257,Stephens County,36870
13,259,Stewart County,27635
13,261,Sumter County,34017
13,263,Talbot County,33370
13,265,Taliaferro County,28716
13,267,Tattnall County,34010
13,269,Taylor County,32815
13,271,Telfair County,29244
13,273,Terrell County,34604
13,275,Thomas County,36973
13,277,Tift County,36303
13,279,Toombs County,34008
13,281,Towns County,39453
13,283,Treutlen County,32536
13,285,Troup County,41141
13,287,Turner County,32171
13,289,Twiggs County,36886
13,291,Union County,40667
13,293,Upson County,34867
13,295,Walker County,39078
13,297,Walton County,52082
13,299,Ware County,34288
13,301,Warren County,31623
13,303,Washington County,36137
13,305,Wayne County,41093
13,307,Webster County,33893
13,309,Wheeler County,30264
13,311,White County,42126
13,313,Whitfield County,43731
13,315,Wilcox County,32722
13,317,Wilkes County,32042
13,319,Wilkinson County,34512
13,321,Worth County,40382
15,000,Hawaii,69549
15,001,Hawaii County,51887
15,003,Honolulu County,73985
15,005,Kalawao County,.
15,007,Kauai County,58883
15,009,Maui County,64916
16,000,Idaho,47572
16,001,Ada County,57908
16,003,Adams County,40777
16,005,Bannock County,44324
16,007,Bear Lake County,45504
16,009,Benewah County,46277
16,011,Bingham County,47292
16,013,Blaine County,63490
16,015,Boise County,50874
16,017,Bonner County,45193
16,019,Bonneville County,51440
16,021,Boundary County,42720
16,023,Butte County,42907
16,025,Camas County,49569
16,027,Canyon County,43489
16,029,Caribou County,55770
16,031,Cassia County,45078
16,033,Clark County,45979
16,035,Clearwater County,41304
16,037,Custer County,42704
16,039,Elmore County,45049
16,041,Franklin County,50545
16,043,Fremont County,45578
16,045,Gem County,41688
16,047,Gooding County,44669
16,049,Idaho County,39551
16,051,Jefferson County,52428
16,053,Jerome County,46513
16,055,Kootenai County,49061
16,057,Latah County,43482
16,059,Lemhi County,37869
16,061,Lewis County,39918
16,063,Lincoln County,44046
16,065,Madison County,36065
16,067,Minidoka County,46332
16,069,Nez Perce County,46214
16,071,Oneida County,46503
16,073,Owyhee County,38478
16,075,Payette County,45533
16,077,Power County,48048
16,079,Shoshone County,36577
16,081,Teton County,57644
16,083,Twin Falls County,44236
16,085,Valley County,49380
16,087,Washington County,35955
17,000,Illinois,57458
17,001,Adams County,46061
17,003,Alexander County,30699
17,005,Bond County,49886
17,007,Boone County,58792
17,009,Brown County,50225
17,011,Bureau County,52138
17,013,Calhoun County,49689
17,015,Carroll County,50750
17,017,Cass County,46289
17,019,Champaign County,47966
17,021,Christian County,46870
17,023,Clark County,50645
17,025,Clay County,45709
17,027,Clinton County,60556
17,029,Coles County,41319
17,031,Cook County,55058
17,033,Crawford County,45889
17,035,Cumberland County,49567
17,037,DeKalb County,56536
17,039,De Witt County,55193
17,041,Douglas County,52526
17,043,DuPage County,80037
17,045,Edgar County,45485
17,047,Edwards County,46894
17,049,Effingham County,52578
17,051,Fayette County,41268
17,053,Ford County,50877
17,055,Franklin County,37758
17,057,Fulton County,44435
17,059,Gallatin County,41045
17,061,Greene County,39738
17,063,Grundy County,70092
17,065,Hamilton County,49790
17,067,Hancock County,48767
17,069,Hardin County,37331
17,071,Henderson County,50999
17,073,Henry County,51025
17,075,Iroquois County,46895
17,077,Jackson County,34395
17,079,Jasper County,52919
17,081,Jefferson County,43073
17,083,Jersey County,52493
17,085,Jo Daviess County,51282
17,087,Johnson County,45773
17,089,Kane County,72131
17,091,Kankakee County,56326
17,093,Kendall County,90640
17,095,Knox County,38992
17,097,Lake County,78001
17,099,La Salle County,51205
17,101,Lawrence County,41759
17,103,Lee County,54472
17,105,Livingston County,53918
17,107,Logan County,54353
17,109,McDonough County,42684
17,111,McHenry County,76856
17,113,McLean County,60460
17,115,Macon County,47575
17,117,Macoupin County,48544
17,119,Madison County,54375
17,121,Marion County,44289
17,123,Marshall County,53732
17,125,Mason County,46878
17,127,Massac County,40590
17,129,Menard County,61388
17,131,Mercer County,54916
17,133,Monroe County,73684
17,135,Montgomery County,45288
17,137,Morgan County,46406
17,139,Moultrie County,52790
17,141,Ogle County,57126
17,143,Peoria County,52448
17,145,Perry County,42032
17,147,Piatt County,65971
17,149,Pike County,39005
17,151,Pope County,40722
17,153,Pulaski County,33943
17,155,Putnam County,62024
17,157,Randolph County,47862
17,159,Richland County,43396
17,161,Rock Island County,48024
17,163,St. Clair County,50155
17,165,Saline County,38329
17,167,Sangamon County,55371
17,169,Schuyler County,47092
17,171,Scott County,51584
17,173,Shelby County,48994
17,175,Stark County,50219
17,177,Stephenson County,48569
17,179,Tazewell County,60490
17,181,Union County,40957
17,183,Vermilion County,42036
17,185,Wabash County,49385
17,187,Warren County,44180
17,189,Washington County,54683
17,191,Wayne County,46839
17,193,White County,46927
17,195,Whiteside County,49895
17,197,Will County,75176
17,199,Williamson County,46322
17,201,Winnebago County,47708
17,203,Woodford County,70127
18,000,Indiana,49384
18,001,Adams County,50172
18,003,Allen County,48651
18,005,Bartholomew County,54101
18,007,Benton County,46196
18,009,Blackford County,39563
18,011,Boone County,68352
18,013,Brown County,52582
18,015,Carroll County,55318
18,017,Cass County,44430
18,019,Clark County,52050
18,021,Clay County,44385
18,023,Clinton County,49945
18,025,Crawford County,40657
18,027,Daviess County,47670
18,029,Dearborn County,59280
18,031,Decatur County,50258
18,033,De Kalb County,51911
18,035,Delaware County,39449
18,037,Dubois County,53211
18,039,Elkhart County,50192
18,041,Fayette County,40122
18,043,Floyd County,53186
18,045,Fountain County,45168
18,047,Franklin County,54086
18,049,Fulton County,44762
18,051,Gibson County,46466
18,053,Grant County,40234
18,055,Greene County,41077
18,057,Hamilton County,89861
18,059,Hancock County,68334
18,061,Harrison County,56787
18,063,Hendricks County,70358
18,065,Henry County,41955
18,067,Howard County,47433
18,069,Huntington County,49832
18,071,Jackson County,48368
18,073,Jasper County,55190
18,075,Jay County,38663
18,077,Jefferson County,45964
18,079,Jennings County,43783
18,081,Johnson County,58833
18,083,Knox County,44077
18,085,Kosciusko County,54068
18,087,Lagrange County,52003
18,089,Lake County,50774
18,091,La Porte County,46243
18,093,Lawrence County,45232
18,095,Madison County,44730
18,097,Marion County,42700
18,099,Marshall County,52508
18,101,Martin County,48381
18,103,Miami County,41065
18,105,Monroe County,43841
18,107,Montgomery County,46945
18,109,Morgan County,54849
18,111,Newton County,51285
18,113,Noble County,50997
18,115,Ohio County,51403
18,117,Orange County,39572
18,119,Owen County,46001
18,121,Parke County,42056
18,123,Perry County,44623
18,125,Pike County,47217
18,127,Porter County,63030
18,129,Posey County,59975
18,131,Pulaski County,43770
18,133,Putnam County,49467
18,135,Randolph County,41577
18,137,Ripley County,52491
18,139,Rush County,47418
18,141,St. Joseph County,46388
18,143,Scott County,41649
18,145,Shelby County,54831
18,147,Spencer County,54468
18,149,Starke County,43740
18,151,Steuben County,50078
18,153,Sullivan County,43933
18,155,Switzerland County,47606
18,157,Tippecanoe County,46276
18,159,Tipton County,55008
18,161,Union County,47410
18,163,Vanderburgh County,42622
18,165,Vermillion County,44388
18,167,Vigo County,41260
18,169,Wabash County,45151
18,171,Warren County,55925
18,173,Warrick County,65793
18,175,Washington County,43573
18,177,Wayne County,40929
18,179,Wells County,51182
18,181,White County,50731
18,183,Whitley County,59266
19,000,Iowa,53816
19,001,Adair County,48216
19,003,Adams County,51929
19,005,Allamakee County,45229
19,007,Appanoose County,40422
19,009,Audubon County,50014
19,011,Benton County,61931
19,013,Black Hawk County,51331
19,015,Boone County,54186
19,017,Bremer County,62438
19,019,Buchanan County,55781
19,021,Buena Vista County,50719
19,023,Butler County,52273
19,025,Calhoun County,49456
19,027,Carroll County,52367
19,029,Cass County,46159
19,031,Cedar County,61423
19,033,Cerro Gordo County,49569
19,035,Cherokee County,52894
19,037,Chickasaw County,50788
19,039,Clarke County,45413
19,041,Clay County,51514
19,043,Clayton County,49018
19,045,Clinton County,48528
19,047,Crawford County,50370
19,049,Dallas County,79173
19,051,Davis County,46750
19,053,Decatur County,36742
19,055,Delaware County,55958
19,057,Des Moines County,45292
19,059,Dickinson County,56551
19,061,Dubuque County,55320
19,063,Emmet County,47342
19,065,Fayette County,45522
19,067,Floyd County,48292
19,069,Franklin County,51045
19,071,Fremont County,54154
19,073,Greene County,49125
19,075,Grundy County,61215
19,077,Guthrie County,49507
19,079,Hamilton County,53691
19,081,Hancock County,57682
19,083,Hardin County,53277
19,085,Harrison County,52824
19,087,Henry County,50347
19,089,Howard County,49837
19,091,Humboldt County,49696
19,093,Ida County,53905
19,095,Iowa County,58234
19,097,Jackson County,50299
19,099,Jasper County,52750
19,101,Jefferson County,41094
19,103,Johnson County,59946
19,105,Jones County,51558
19,107,Keokuk County,48316
19,109,Kossuth County,52967
19,111,Lee County,44719
19,113,Linn County,62700
19,115,Louisa County,50924
19,117,Lucas County,42582
19,119,Lyon County,61750
19,121,Madison County,62230
19,123,Mahaska County,48584
19,125,Marion County,57046
19,127,Marshall County,50244
19,129,Mills County,59399
19,131,Mitchell County,52616
19,133,Monona County,43178
19,135,Monroe County,44705
19,137,Montgomery County,42046
19,139,Muscatine County,54441
19,141,O'Brien County,55968
19,143,Osceola County,51423
19,145,Page County,46927
19,147,Palo Alto County,50600
19,149,Plymouth County,62745
19,151,Pocahontas County,49625
19,153,Polk County,61028
19,155,Pottawattamie County,51947
19,157,Poweshiek County,52791
19,159,Ringgold County,42854
19,161,Sac County,49513
19,163,Scott County,54959
19,165,Shelby County,55637
19,167,Sioux County,60205
19,169,Story County,52128
19,171,Tama County,54957
19,173,Taylor County,46501
19,175,Union County,44905
19,177,Van Buren County,42555
19,179,Wapello County,42414
19,181,Warren County,67342
19,183,Washington County,56243
19,185,Wayne County,42006
19,187,Webster County,43490
19,189,Winnebago County,50703
19,191,Winneshiek County,55984
19,193,Woodbury County,45641
19,195,Worth County,50286
19,197,Wright County,50108
20,000,Kansas,52392
20,001,Allen County,39196
20,003,Anderson County,45368
20,005,Atchison County,44199
20,007,Barber County,51676
20,009,Barton County,46942
20,011,Bourbon County,38430
20,013,Brown County,45781
20,015,Butler County,60123
20,017,Chase County,47025
20,019,Chautauqua County,39120
20,021,Cherokee County,40686
20,023,Cheyenne County,41797
20,025,Clark County,47650
20,027,Clay County,53131
20,029,Cloud County,42697
20,031,Coffey County,55705
20,033,Comanche County,45353
20,035,Cowley County,45180
20,037,Crawford County,38491
20,039,Decatur County,41434
20,041,Dickinson County,47493
20,043,Doniphan County,47599
20,045,Douglas County,49246
20,047,Edwards County,49256
20,049,Elk County,36471
20,051,Ellis County,49508
20,053,Ellsworth County,46961
20,055,Finney County,48609
20,057,Ford County,51144
20,059,Franklin County,50745
20,061,Geary County,41193
20,063,Gove County,50886
20,065,Graham County,45341
20,067,Grant County,60279
20,069,Gray County,58543
20,071,Greeley County,52795
20,073,Greenwood County,39732
20,075,Hamilton County,47709
20,077,Harper County,50525
20,079,Harvey County,55074
20,081,Haskell County,59596
20,083,Hodgeman County,52394
20,085,Jackson County,53796
20,087,Jefferson County,56927
20,089,Jewell County,44101
20,091,Johnson County,76104
20,093,Kearny County,53484
20,095,Kingman County,53378
20,097,Kiowa County,46318
20,099,Labette County,40822
20,101,Lane County,53739
20,103,Leavenworth County,65549
20,105,Lincoln County,44896
20,107,Linn County,44520
20,109,Logan County,49852
20,111,Lyon County,43038
20,113,McPherson County,57878
20,115,Marion County,47723
20,117,Marshall County,47901
20,119,Meade County,53903
20,121,Miami County,63924
20,123,Mitchell County,48645
20,125,Montgomery County,42221
20,127,Morris County,44774
20,129,Morton County,55378
20,131,Nemaha County,54149
20,133,Neosho County,41527
20,135,Ness County,51923
20,137,Norton County,44846
20,139,Osage County,52749
20,141,Osborne County,38848
20,143,Ottawa County,52744
20,145,Pawnee County,47351
20,147,Phillips County,45856
20,149,Pottawatomie County,65373
20,151,Pratt County,54701
20,153,Rawlins County,44932
20,155,Reno County,46533
20,157,Republic County,42381
20,159,Rice County,49152
20,161,Riley County,46468
20,163,Rooks County,48383
20,165,Rush County,43083
20,167,Russell County,45443
20,169,Saline County,48460
20,171,Scott County,56032
20,173,Sedgwick County,51175
20,175,Seward County,47381
20,177,Shawnee County,52795
20,179,Sheridan County,52300
20,181,Sherman County,43100
20,183,Smith County,41303
20,185,Stafford County,45945
20,187,Stanton County,56591
20,189,Stevens County,59773
20,191,Sumner County,52476
20,193,Thomas County,50639
20,195,Trego County,46859
20,197,Wabaunsee County,59160
20,199,Wallace County,49109
20,201,Washington County,43264
20,203,Wichita County,53447
20,205,Wilson County,39764
20,207,Woodson County,35502
20,209,Wyandotte County,37087
21,000,Kentucky,42914
21,001,Adair County,31558
21,003,Allen County,39801
21,005,Anderson County,54331
21,007,Ballard County,44732
21,009,Barren County,37666
21,011,Bath County,34126
21,013,Bell County,24868
21,015,Boone County,66939
21,017,Bourbon County,42812
21,019,Boyd County,40224
21,021,Boyle County,41538
21,023,Bracken County,41910
21,025,Breathitt County,28647
21,027,Breckinridge County,41547
21,029,Bullitt County,54924
21,031,Butler County,35219
21,033,Caldwell County,42640
21,035,Calloway County,37705
21,037,Campbell County,52349
21,039,Carlisle County,40701
21,041,Carroll County,43615
21,043,Carter County,34991
21,045,Casey County,29344
21,047,Christian County,36736
21,049,Clark County,49012
21,051,Clay County,25215
21,053,Clinton County,28341
21,055,Crittenden County,38338
21,057,Cumberland County,29067
21,059,Daviess County,43390
21,061,Edmonson County,38544
21,063,Elliott County,30556
21,065,Estill County,30333
21,067,Fayette County,48552
21,069,Fleming County,35878
21,071,Floyd County,30127
21,073,Franklin County,49400
21,075,Fulton County,30671
21,077,Gallatin County,45483
21,079,Garrard County,43647
21,081,Grant County,46226
21,083,Graves County,39247
21,085,Grayson County,35726
21,087,Green County,33640
21,089,Greenup County,42452
21,091,Hancock County,50358
21,093,Hardin County,50407
21,095,Harlan County,26351
21,097,Harrison County,41406
21,099,Hart County,38038
21,101,Henderson County,43040
21,103,Henry County,43799
21,105,Hickman County,41588
21,107,Hopkins County,42477
21,109,Jackson County,29090
21,111,Jefferson County,48264
21,113,Jessamine County,51227
21,115,Johnson County,34271
21,117,Kenton County,54728
21,119,Knott County,27709
21,121,Knox County,26048
21,123,Larue County,40312
21,125,Laurel County,34678
21,127,Lawrence County,32835
21,129,Lee County,25473
21,131,Leslie County,27777
21,133,Letcher County,28574
21,135,Lewis County,30217
21,137,Lincoln County,35368
21,139,Livingston County,42892
21,141,Logan County,41150
21,143,Lyon County,43067
21,145,McCracken County,41216
21,147,McCreary County,24265
21,149,McLean County,42288
21,151,Madison County,44358
21,153,Magoffin County,29421
21,155,Marion County,39089
21,157,Marshall County,45596
21,159,Martin County,27484
21,161,Mason County,40260
21,163,Meade County,52377
21,165,Menifee County,30828
21,167,Mercer County,43945
21,169,Metcalfe County,30460
21,171,Monroe County,30172
21,173,Montgomery County,41139
21,175,Morgan County,30872
21,177,Muhlenberg County,38916
21,179,Nelson County,54540
21,181,Nicholas County,37061
21,183,Ohio County,38261
21,185,Oldham County,92097
21,187,Owen County,43626
21,189,Owsley County,23047
21,191,Pendleton County,47023
21,193,Perry County,31265
21,195,Pike County,32666
21,197,Powell County,32783
21,199,Pulaski County,32767
21,201,Robertson County,37281
21,203,Rockcastle County,33789
21,205,Rowan County,37287
21,207,Russell County,33623
21,209,Scott County,61989
21,211,Shelby County,57447
21,213,Simpson County,45269
21,215,Spencer County,67437
21,217,Taylor County,34633
21,219,Todd County,40002
21,221,Trigg County,44676
21,223,Trimble County,46708
21,225,Union County,44119
21,227,Warren County,48925
21,229,Washington County,39983
21,231,Wayne County,30619
21,233,Webster County,43024
21,235,Whitley County,31086
21,237,Wolfe County,25768
21,239,Woodford County,57067
22,000,Louisiana,44680
22,001,Acadia Parish,40269
22,003,Allen Parish,36852
22,005,Ascension Parish,67299
22,007,Assumption Parish,46317
22,009,Avoyelles Parish,34022
22,011,Beauregard Parish,43918
22,013,Bienville Parish,33134
22,015,Bossier Parish,51138
22,017,Caddo Parish,39812
22,019,Calcasieu Parish,45979
22,021,Caldwell Parish,36350
22,023,Cameron Parish,59300
22,025,Catahoula Parish,34116
22,027,Claiborne Parish,35385
22,029,Concordia Parish,31835
22,031,De Soto Parish,40642
22,033,East Baton Rouge Parish,46831
22,035,East Carroll Parish,25402
22,037,East Feliciana Parish,41651
22,039,Evangeline Parish,32615
22,041,Franklin Parish,32318
22,043,Grant Parish,40668
22,045,Iberia Parish,45226
22,047,Iberville Parish,47377
22,049,Jackson Parish,37130
22,051,Jefferson Parish,47024
22,053,Jefferson Davis Parish,37968
22,055,Lafayette Parish,51340
22,057,Lafourche Parish,47382
22,059,La Salle Parish,44139
22,061,Lincoln Parish,32889
22,063,Livingston Parish,58818
22,065,Madison Parish,26732
22,067,Morehouse Parish,30636
22,069,Natchitoches Parish,34522
22,071,Orleans Parish,35468
22,073,Ouachita Parish,40877
22,075,Plaquemines Parish,51304
22,077,Pointe Coupee Parish,44469
22,079,Rapides Parish,40406
22,081,Red River Parish,33322
22,083,Richland Parish,36666
22,085,Sabine Parish,39561
22,087,St. Bernard Parish,45615
22,089,St. Charles Parish,60751
22,091,St. Helena Parish,35004
22,093,St. James Parish,47477
22,095,St. John the Baptist Parish,47225
22,097,St. Landry Parish,32683
22,099,St. Martin Parish,46713
22,101,St. Mary Parish,42075
22,103,St. Tammany Parish,63441
22,105,Tangipahoa Parish,39927
22,107,Tensas Parish,27522
22,109,Terrebonne Parish,49044
22,111,Union Parish,38998
22,113,Vermilion Parish,45331
22,115,Vernon Parish,46682
22,117,Washington Parish,29749
22,119,Webster Parish,36003
22,121,West Baton Rouge Parish,51550
22,123,West Carroll Parish,33959
22,125,West Feliciana Parish,53679
22,127,Winn Parish,36644
23,000,Maine,49381
23,001,Androscoggin County,46701
23,003,Aroostook County,36066
23,005,Cumberland County,61436
23,007,Franklin County,41035
23,009,Hancock County,45807
23,011,Kennebec County,45556
23,013,Knox County,50002
23,015,Lincoln County,47905
23,017,Oxford County,40120
23,019,Penobscot County,42728
23,021,Piscataquis County,36994
23,023,Sagadahoc County,55630
23,025,Somerset County,39001
23,027,Waldo County,46598
23,029,Washington County,38057
23,031,York County,55482
24,000,Maryland,73851
24,001,Allegany County,39808
24,003,Anne Arundel County,86654
24,005,Baltimore County,67766
24,009,Calvert County,92446
24,011,Caroline County,49573
24,013,Carroll County,84500
24,015,Cecil County,62198
24,017,Charles County,86703
24,019,Dorchester County,42279
24,021,Frederick County,83698
24,023,Garrett County,47441
24,025,Harford County,79403
24,027,Howard County,106871
24,029,Kent County,53288
24,031,Montgomery County,97279
24,033,Prince George's County,71904
24,035,Queen Anne's County,80650
24,037,St. Mary's County,84686
24,039,Somerset County,38376
24,041,Talbot County,54836
24,043,Washington County,54606
24,045,Wicomico County,51927
24,047,Worcester County,55691
24,510,Baltimore city,41895
25,000,Massachusetts,69200
25,001,Barnstable County,64150
25,003,Berkshire County,49890
25,005,Bristol County,57732
25,007,Dukes County,61259
25,009,Essex County,70074
25,011,Franklin County,53953
25,013,Hampden County,49072
25,015,Hampshire County,57737
25,017,Middlesex County,84026
25,019,Nantucket County,82596
25,021,Norfolk County,90039
25,023,Plymouth County,74576
25,025,Suffolk County,54280
25,027,Worcester County,65217
26,000,Michigan,49755
26,001,Alcona County,36377
26,003,Alger County,45308
26,005,Allegan County,54232
26,007,Alpena County,38121
26,009,Antrim County,45743
26,011,Arenac County,36460
26,013,Baraga County,41624
26,015,Barry County,57235
26,017,Bay County,46061
26,019,Benzie County,48846
26,021,Berrien County,44145
26,023,Branch County,46371
26,025,Calhoun County,45916
26,027,Cass County,48030
26,029,Charlevoix County,47991
26,031,Cheboygan County,41930
26,033,Chippewa County,38989
26,035,Clare County,34655
26,037,Clinton County,60650
26,039,Crawford County,41101
26,041,Delta County,43338
26,043,Dickinson County,45174
26,045,Eaton County,57088
26,047,Emmet County,50191
26,049,Genesee County,41787
26,051,Gladwin County,39721
26,053,Gogebic County,33600
26,055,Grand Traverse County,55592
26,057,Gratiot County,43509
26,059,Hillsdale County,44780
26,061,Houghton County,39126
26,063,Huron County,41678
26,065,Ingham County,45840
26,067,Ionia County,48681
26,069,Iosco County,37122
26,071,Iron County,35961
26,073,Isabella County,42431
26,075,Jackson County,46670
26,077,Kalamazoo County,46283
26,079,Kalkaska County,40709
26,081,Kent County,53342
26,083,Keweenaw County,40411
26,085,Lake County,30990
26,087,Lapeer County,51510
26,089,Leelanau County,60622
26,091,Lenawee County,48194
26,093,Livingston County,74341
26,095,Luce County,37590
26,097,Mackinac County,39359
26,099,Macomb County,54865
26,101,Manistee County,37477
26,103,Marquette County,44735
26,105,Mason County,42896
26,107,Mecosta County,41572
26,109,Menominee County,42191
26,111,Midland County,51629
26,113,Missaukee County,40455
26,115,Monroe County,57719
26,117,Montcalm County,41554
26,119,Montmorency County,37961
26,121,Muskegon County,42588
26,123,Newaygo County,41588
26,125,Oakland County,69378
26,127,Oceana County,41166
26,129,Ogemaw County,35968
26,131,Ontonagon County,35387
26,133,Osceola County,40235
26,135,Oscoda County,33975
26,137,Otsego County,44693
26,139,Ottawa County,60577
26,141,Presque Isle County,39420
26,143,Roscommon County,35002
26,145,Saginaw County,44548
26,147,St. Clair County,50303
26,149,St. Joseph County,43687
26,151,Sanilac County,42081
26,153,Schoolcraft County,39539
26,155,Shiawassee County,47882
26,157,Tuscola County,43186
26,159,Van Buren County,46715
26,161,Washtenaw County,62861
26,163,Wayne County,41434
26,165,Wexford County,39807
27,000,Minnesota,61473
27,001,Aitkin County,40676
27,003,Anoka County,70868
27,005,Becker County,51116
27,007,Beltrami County,43706
27,009,Benton County,52531
27,011,Big Stone County,46495
27,013,Blue Earth County,49513
27,015,Brown County,52272
27,017,Carlton County,53291
27,019,Carver County,88500
27,021,Cass County,45179
27,023,Chippewa County,51274
27,025,Chisago County,75122
27,027,Clay County,55560
27,029,Clearwater County,43674
27,031,Cook County,48593
27,033,Cottonwood County,48176
27,035,Crow Wing County,50162
27,037,Dakota County,76269
27,039,Dodge County,68777
27,041,Douglas County,52298
27,043,Faribault County,48163
27,045,Fillmore County,52444
27,047,Freeborn County,47203
27,049,Goodhue County,60869
27,051,Grant County,48179
27,053,Hennepin County,64490
27,055,Houston County,59900
27,057,Hubbard County,47944
27,059,Isanti County,65342
27,061,Itasca County,48525
27,063,Jackson County,53700
27,065,Kanabec County,48908
27,067,Kandiyohi County,57405
27,069,Kittson County,50372
27,071,Koochiching County,44113
27,073,Lac qui Parle County,48245
27,075,Lake County,52381
27,077,Lake of the Woods County,44727
27,079,Le Sueur County,61665
27,081,Lincoln County,48449
27,083,Lyon County,53552
27,085,McLeod County,60114
27,087,Mahnomen County,39926
27,089,Marshall County,54433
27,091,Martin County,52042
27,093,Meeker County,54354
27,095,Mille Lacs County,48434
27,097,Morrison County,50685
27,099,Mower County,47537
27,101,Murray County,52219
27,103,Nicollet County,61279
27,105,Nobles County,50684
27,107,Norman County,51597
27,109,Olmsted County,69430
27,111,Otter Tail County,51510
27,113,Pennington County,50905
27,115,Pine County,42157
27,117,Pipestone County,47164
27,119,Polk County,50175
27,121,Pope County,51343
27,123,Ramsey County,55070
27,125,Red Lake County,48188
27,127,Redwood County,49934
27,129,Renville County,54386
27,131,Rice County,60317
27,133,Rock County,55352
27,135,Roseau County,53838
27,137,St. Louis County,49714
27,139,Scott County,91688
27,141,Sherburne County,76512
27,143,Sibley County,59893
27,145,Stearns County,55832
27,147,Steele County,57850
27,149,Stevens County,55292
27,151,Swift County,51032
27,153,Todd County,43287
27,155,Traverse County,49536
27,157,Wabasha County,58752
27,159,Wadena County,41909
27,161,Waseca County,54183
27,163,Washington County,84113
27,165,Watonwan County,48658
27,167,Wilkin County,54536
27,169,Winona County,49365
27,171,Wright County,76489
27,173,Yellow Medicine County,51028
28,000,Mississippi,39738
28,001,Adams County,32327
28,003,Alcorn County,35180
28,005,Amite County,30668
28,007,Attala County,32521
28,009,Benton County,30665
28,011,Bolivar County,29297
28,013,Calhoun County,33141
28,015,Carroll County,38219
28,017,Chickasaw County,31616
28,019,Choctaw County,34548
28,021,Claiborne County,26083
28,023,Clarke County,34910
28,025,Clay County,33939
28,027,Coahoma County,28647
28,029,Copiah County,35314
28,031,Covington County,31835
28,033,DeSoto County,58479
28,035,Forrest County,36808
28,037,Franklin County,36544
28,039,George County,44811
28,041,Greene County,39615
28,043,Grenada County,33650
28,045,Hancock County,46288
28,047,Harrison County,41010
28,049,Hinds County,38454
28,051,Holmes County,22640
28,053,Humphreys County,25562
28,055,Issaquena County,37096
28,057,Itawamba County,38366
28,059,Jackson County,48018
28,061,Jasper County,35019
28,063,Jefferson County,26408
28,065,Jefferson Davis County,28271
28,067,Jones County,37367
28,069,Kemper County,33015
28,071,Lafayette County,40797
28,073,Lamar County,51389
28,075,Lauderdale County,38869
28,077,Lawrence County,38471
28,079,Leake County,32239
28,081,Lee County,43374
28,083,Leflore County,26439
28,085,Lincoln County,36118
28,087,Lowndes County,39937
28,089,Madison County,66671
28,091,Marion County,33428
28,093,Marshall County,37554
28,095,Monroe County,36810
28,097,Montgomery County,31963
28,099,Neshoba County,37686
28,101,Newton County,35185
28,103,Noxubee County,28730
28,105,Oktibbeha County,34429
28,107,Panola County,34526
28,109,Pearl River County,38465
28,111,Perry County,32459
28,113,Pike County,30078
28,115,Pontotoc County,40198
28,117,Prentiss County,34794
28,119,Quitman County,26204
28,121,Rankin County,58368
28,123,Scott County,32049
28,125,Sharkey County,27877
28,127,Simpson County,34338
28,129,Smith County,38975
28,131,Stone County,41136
28,133,Sunflower County,29227
28,135,Tallahatchie County,28456
28,137,Tate County,40975
28,139,Tippah County,37026
28,141,Tishomingo County,35550
28,143,Tunica County,30689
28,145,Union County,37667
28,147,Walthall County,31607
28,149,Warren County,40397
28,151,Washington County,30292
28,153,Wayne County,35425
28,155,Webster County,34073
28,157,Wilkinson County,27596
28,159,Winston County,34403
28,161,Yalobusha County,34494
28,163,Yazoo County,30313
29,000,Missouri,48288
29,001,Adair County,35425
29,003,Andrew County,56309
29,005,Atchison County,45997
29,007,Audrain County,41302
29,009,Barry County,38139
29,011,Barton County,37581
29,013,Bates County,41462
29,015,Benton County,33236
29,017,Bollinger County,39033
29,019,Boone County,50305
29,021,Buchanan County,45431
29,023,Butler County,35774
29,025,Caldwell County,43111
29,027,Callaway County,49384
29,029,Camden County,44410
29,031,Cape Girardeau County,47705
29,033,Carroll County,39017
29,035,Carter County,32170
29,037,Cass County,60970
29,039,Cedar County,33631
29,041,Chariton County,43049
29,043,Christian County,51831
29,045,Clark County,43298
29,047,Clay County,61598
29,049,Clinton County,51221
29,051,Cole County,51885
29,053,Cooper County,42166
29,055,Crawford County,37379
29,057,Dade County,37173
29,059,Dallas County,34987
29,061,Daviess County,41610
29,063,DeKalb County,42174
29,065,Dent County,34411
29,067,Douglas County,31805
29,069,Dunklin County,31486
29,071,Franklin County,51978
29,073,Gasconade County,44065
29,075,Gentry County,39444
29,077,Greene County,40386
29,079,Grundy County,37911
29,081,Harrison County,37486
29,083,Henry County,39232
29,085,Hickory County,33707
29,087,Holt County,41652
29,089,Howard County,44188
29,091,Howell County,32662
29,093,Iron County,33091
29,095,Jackson County,46185
29,097,Jasper County,40047
29,099,Jefferson County,58976
29,101,Johnson County,49949
29,103,Knox County,37581
29,105,Laclede County,36895
29,107,Lafayette County,48128
29,109,Lawrence County,39908
29,111,Lewis County,41891
29,113,Lincoln County,53804
29,115,Linn County,37597
29,117,Livingston County,47937
29,119,McDonald County,34863
29,121,Macon County,35345
29,123,Madison County,35363
29,125,Maries County,40165
29,127,Marion County,42088
29,129,Mercer County,38023
29,131,Miller County,37360
29,133,Mississippi County,30661
29,135,Moniteau County,47158
29,137,Monroe County,41376
29,139,Montgomery County,42105
29,141,Morgan County,36867
29,143,New Madrid County,34631
29,145,Newton County,45448
29,147,Nodaway County,42956
29,149,Oregon County,29415
29,151,Osage County,51958
29,153,Ozark County,31025
29,155,Pemiscot County,32120
29,157,Perry County,50548
29,159,Pettis County,40038
29,161,Phelps County,40710
29,163,Pike County,44408
29,165,Platte County,70874
29,167,Polk County,38344
29,169,Pulaski County,47227
29,171,Putnam County,34684
29,173,Ralls County,51738
29,175,Randolph County,41346
29,177,Ray County,51986
29,179,Reynolds County,31820
29,181,Ripley County,30019
29,183,St. Charles County,74220
29,185,St. Clair County,33986
29,186,Ste. Genevieve County,46874
29,187,St. Francois County,40376
29,189,St. Louis County,60093
29,195,Saline County,41112
29,197,Schuyler County,34644
29,199,Scotland County,38281
29,201,Scott County,40532
29,203,Shannon County,27382
29,205,Shelby County,42498
29,207,Stoddard County,38329
29,209,Stone County,40642
29,211,Sullivan County,36642
29,213,Taney County,35731
29,215,Texas County,33755
29,217,Vernon County,40267
29,219,Warren County,52959
29,221,Washington County,34581
29,223,Wayne County,30721
29,225,Webster County,41561
29,227,Worth County,38802
29,229,Wright County,31600
29,510,St. Louis city,35681
30,000,Montana,46608
30,001,Beaverhead County,41602
30,003,Big Horn County,38871
30,005,Blaine County,35740
30,007,Broadwater County,49758
30,009,Carbon County,47520
30,011,Carter County,41466
30,013,Cascade County,42903
30,015,Chouteau County,41004
30,017,Custer County,47493
30,019,Daniels County,47376
30,021,Dawson County,50540
30,023,Deer Lodge County,38178
30,025,Fallon County,59102
30,027,Fergus County,42915
30,029,Flathead County,47351
30,031,Gallatin County,51569
30,033,Garfield County,42757
30,035,Glacier County,33428
30,037,Golden Valley County,37316
30,039,Granite County,47902
30,041,Hill County,43509
30,043,Jefferson County,61575
30,045,Judith Basin County,43272
30,047,Lake County,38221
30,049,Lewis and Clark County,53572
30,051,Liberty County,37911
30,053,Lincoln County,36734
30,055,McCone County,43132
30,057,Madison County,41539
30,059,Meagher County,36903
30,061,Mineral County,36449
30,063,Missoula County,44716
30,065,Musselshell County,39827
30,067,Park County,42942
30,069,Petroleum County,35092
30,071,Phillips County,41595
30,073,Pondera County,39292
30,075,Powder River County,44644
30,077,Powell County,40072
30,079,Prairie County,40140
30,081,Ravalli County,42902
30,083,Richland County,65738
30,085,Roosevelt County,37511
30,087,Rosebud County,50751
30,089,Sanders County,32815
30,091,Sheridan County,52711
30,093,Silver Bow County,39882
30,095,Stillwater County,60812
30,097,Sweet Grass County,45000
30,099,Teton County,46208
30,101,Toole County,45207
30,103,Treasure County,47089
30,105,Valley County,46328
30,107,Wheatland County,35875
30,109,Wibaux County,43859
30,111,Yellowstone County,51653
31,000,Nebraska,52803
31,001,Adams County,48658
31,003,Antelope County,50919
31,005,Arthur County,43408
31,007,Banner County,48990
31,009,Blaine County,38228
31,011,Boone County,52914
31,013,Box Butte County,55465
31,015,Boyd County,39964
31,017,Brown County,42348
31,019,Buffalo County,51550
31,021,Burt County,49345
31,023,Butler County,54240
31,025,Cass County,66522
31,027,Cedar County,54421
31,029,Chase County,52749
31,031,Cherry County,43564
31,033,Cheyenne County,55964
31,035,Clay County,55758
31,037,Colfax County,50758
31,039,Cuming County,56047
31,041,Custer County,45644
31,043,Dakota County,50289
31,045,Dawes County,40667
31,047,Dawson County,47366
31,049,Deuel County,44109
31,051,Dixon County,52601
31,053,Dodge County,50043
31,055,Douglas County,52842
31,057,Dundy County,45624
31,059,Fillmore County,54556
31,061,Franklin County,44794
31,063,Frontier County,48543
31,065,Furnas County,44461
31,067,Gage County,50861
31,069,Garden County,38645
31,071,Garfield County,40436
31,073,Gosper County,55319
31,075,Grant County,47537
31,077,Greeley County,43858
31,079,Hall County,48499
31,081,Hamilton County,62191
31,083,Harlan County,46744
31,085,Hayes County,48856
31,087,Hitchcock County,40496
31,089,Holt County,46667
31,091,Hooker County,40732
31,093,Howard County,51040
31,095,Jefferson County,44947
31,097,Johnson County,48511
31,099,Kearney County,56791
31,101,Keith County,45192
31,103,Keya Paha County,41138
31,105,Kimball County,45771
31,107,Knox County,42745
31,109,Lancaster County,52011
31,111,Lincoln County,49770
31,113,Logan County,50761
31,115,Loup County,49132
31,117,McPherson County,62280
31,119,Madison County,51836
31,121,Merrick County,50893
31,123,Morrill County,46961
31,125,Nance County,48535
31,127,Nemaha County,49162
31,129,Nuckolls County,43249
31,131,Otoe County,51527
31,133,Pawnee County,42977
31,135,Perkins County,56080
31,137,Phelps County,54137
31,139,Pierce County,53489
31,141,Platte County,61768
31,143,Polk County,58162
31,145,Red Willow County,43842
31,147,Richardson County,44282
31,149,Rock County,46051
31,151,Saline County,51805
31,153,Sarpy County,74008
31,155,Saunders County,61961
31,157,Scotts Bluff County,47194
31,159,Seward County,61802
31,161,Sheridan County,40351
31,163,Sherman County,43883
31,165,Sioux County,47313
31,167,Stanton County,55955
31,169,Thayer County,49517
31,171,Thomas County,39537
31,173,Thurston County,41344
31,175,Valley County,44726
31,177,Washington County,69191
31,179,Wayne County,53290
31,181,Webster County,40979
31,183,Wheeler County,45400
31,185,York County,51335
32,000,Nevada,51487
32,001,Churchill County,46840
32,003,Clark County,51241
32,005,Douglas County,60322
32,007,Elko County,72648
32,009,Esmeralda County,47180
32,011,Eureka County,70535
32,013,Humboldt County,67423
32,015,Lander County,74347
32,017,Lincoln County,45629
32,019,Lyon County,48576
32,021,Mineral County,40714
32,023,Nye County,42881
32,027,Pershing County,52001
32,029,Storey County,55291
32,031,Washoe County,52862
32,033,White Pine County,57243
32,510,Carson City,45639
33,000,New Hampshire,66469
33,001,Belknap County,59831
33,003,Carroll County,57556
33,005,Cheshire County,56008
33,007,Coos County,42491
33,009,Grafton County,56353
33,011,Hillsborough County,71233
33,013,Merrimack County,62429
33,015,Rockingham County,79653
33,017,Strafford County,58577
33,019,Sullivan County,57142
34,000,New Jersey,71968
34,001,Atlantic County,54208
34,003,Bergen County,84309
34,005,Burlington County,80479
34,007,Camden County,61685
34,009,Cape May County,55409
34,011,Cumberland County,45438
34,013,Essex County,54603
34,015,Gloucester County,78983
34,017,Hudson County,57720
34,019,Hunterdon County,103876
34,021,Mercer County,73750
34,023,Middlesex County,77330
34,025,Monmouth County,87220
34,027,Morris County,100511
34,029,Ocean County,62937
34,031,Passaic County,58030
34,033,Salem County,56645
34,035,Somerset County,100194
34,037,Sussex County,82048
34,039,Union County,68172
34,041,Warren County,71294
35,000,New Mexico,44905
35,001,Bernalillo County,47192
35,003,Catron County,33256
35,005,Chaves County,38403
35,006,Cibola County,35081
35,007,Colfax County,37156
35,009,Curry County,42620
35,011,DeBaca County,33789
35,013,Dona Ana County,38974
35,015,Eddy County,57007
35,017,Grant County,38221
35,019,Guadalupe County,29147
35,021,Harding County,40380
35,023,Hidalgo County,34304
35,025,Lea County,58994
35,027,Lincoln County,39995
35,028,Los Alamos County,108477
35,029,Luna County,27268
35,031,McKinley County,29497
35,033,Mora County,27627
35,035,Otero County,41736
35,037,Quay County,29069
35,039,Rio Arriba County,34902
35,041,Roosevelt County,36108
35,043,Sandoval County,56142
35,045,San Juan County,47520
35,047,San Miguel County,32964
35,049,Santa Fe County,52628
35,051,Sierra County,29036
35,053,Socorro County,32285
35,055,Taos County,36125
35,057,Torrance County,37311
35,059,Union County,36684
35,061,Valencia County,40591
36,000,New York,58771
36,001,Albany County,60371
36,003,Allegany County,42655
36,005,Bronx County,33687
36,007,Broome County,46283
36,009,Cattaraugus County,43892
36,011,Cayuga County,52792
36,013,Chautauqua County,41757
36,015,Chemung County,48880
36,017,Chenango County,46387
36,019,Clinton County,51576
36,021,Columbia County,55047
36,023,Cortland County,48357
36,025,Delaware County,45860
36,027,Dutchess County,70925
36,029,Erie County,50134
36,031,Essex County,50182
36,033,Franklin County,45704
36,035,Fulton County,45409
36,037,Genesee County,52410
36,039,Greene County,52597
36,041,Hamilton County,49137
36,043,Herkimer County,44148
36,045,Jefferson County,49781
36,047,Kings County,47547
36,049,Lewis County,47542
36,051,Livingston County,49920
36,053,Madison County,51600
36,055,Monroe County,51371
36,057,Montgomery County,40923
36,059,Nassau County,98312
36,061,New York County,75459
36,063,Niagara County,49274
36,065,Oneida County,48350
36,067,Onondaga County,52892
36,069,Ontario County,58473
36,071,Orange County,69228
36,073,Orleans County,46577
36,075,Oswego County,46926
36,077,Otsego County,43104
36,079,Putnam County,94334
36,081,Queens County,56866
36,083,Rensselaer County,59925
36,085,Richmond County,70299
36,087,Rockland County,83162
36,089,St. Lawrence County,43518
36,091,Saratoga County,71885
36,093,Schenectady County,56508
36,095,Schoharie County,48718
36,097,Schuyler County,48135
36,099,Seneca County,49809
36,101,Steuben County,46849
36,103,Suffolk County,85886
36,105,Sullivan County,48908
36,107,Tioga County,52195
36,109,Tompkins County,51880
36,111,Ulster County,56718
36,113,Warren County,54585
36,115,Washington County,47547
36,117,Wayne County,49191
36,119,Westchester County,83152
36,121,Wyoming County,53783
36,123,Yates County,48368
37,000,North Carolina,46596
37,001,Alamance County,41296
37,003,Alexander County,43043
37,005,Alleghany County,35266
37,007,Anson County,32508
37,009,Ashe County,36488
37,011,Avery County,37131
37,013,Beaufort County,40357
37,015,Bertie County,31217
37,017,Bladen County,33521
37,019,Brunswick County,47387
37,021,Buncombe County,47296
37,023,Burke County,39275
37,025,Cabarrus County,55250
37,027,Caldwell County,38653
37,029,Camden County,61730
37,031,Carteret County,48824
37,033,Caswell County,42730
37,035,Catawba County,45080
37,037,Chatham County,56797
37,039,Cherokee County,34620
37,041,Chowan County,38887
37,043,Clay County,37072
37,045,Cleveland County,39444
37,047,Columbus County,34321
37,049,Craven County,43972
37,051,Cumberland County,42582
37,053,Currituck County,58024
37,055,Dare County,54642
37,057,Davidson County,43346
37,059,Davie County,47592
37,061,Duplin County,34109
37,063,Durham County,50745
37,065,Edgecombe County,31615
37,067,Forsyth County,45944
37,069,Franklin County,48166
37,071,Gaston County,42056
37,073,Gates County,48413
37,075,Graham County,33824
37,077,Granville County,49342
37,079,Greene County,37263
37,081,Guilford County,44828
37,083,Halifax County,31674
37,085,Harnett County,45380
37,087,Haywood County,42812
37,089,Henderson County,47286
37,091,Hertford County,30056
37,093,Hoke County,44175
37,095,Hyde County,36891
37,097,Iredell County,54026
37,099,Jackson County,38130
37,101,Johnston County,50055
37,103,Jones County,38928
37,105,Lee County,46073
37,107,Lenoir County,35991
37,109,Lincoln County,49676
37,111,McDowell County,37881
37,113,Macon County,37884
37,115,Madison County,38445
37,117,Martin County,35930
37,119,Mecklenburg County,59049
37,121,Mitchell County,36795
37,123,Montgomery County,38530
37,125,Moore County,51650
37,127,Nash County,43348
37,129,New Hanover County,49905
37,131,Northampton County,32063
37,133,Onslow County,47201
37,135,Orange County,60304
37,137,Pamlico County,43097
37,139,Pasquotank County,44596
37,141,Pender County,45453
37,143,Perquimans County,41328
37,145,Person County,45841
37,147,Pitt County,41765
37,149,Polk County,45464
37,151,Randolph County,41770
37,153,Richmond County,34665
37,155,Robeson County,30414
37,157,Rockingham County,39606
37,159,Rowan County,44973
37,161,Rutherford County,35629
37,163,Sampson County,33876
37,165,Scotland County,32782
37,167,Stanly County,41921
37,169,Stokes County,45065
37,171,Surry County,37915
37,173,Swain County,34788
37,175,Transylvania County,44490
37,177,Tyrrell County,32773
37,179,Union County,64381
37,181,Vance County,33609
37,183,Wake County,66950
37,185,Warren County,33869
37,187,Washington County,32867
37,189,Watauga County,41942
37,191,Wayne County,36890
37,193,Wilkes County,33398
37,195,Wilson County,39268
37,197,Yadkin County,40801
37,199,Yancey County,35974
38,000,North Dakota,60227
38,001,Adams County,45710
38,003,Barnes County,52376
38,005,Benson County,39342
38,007,Billings County,75096
38,009,Bottineau County,56965
38,011,Bowman County,60946
38,013,Burke County,62875
38,015,Burleigh County,66734
38,017,Cass County,53755
38,019,Cavalier County,54057
38,021,Dickey County,51817
38,023,Divide County,67344
38,025,Dunn County,72018
38,027,Eddy County,47596
38,029,Emmons County,44282
38,031,Foster County,54593
38,033,Golden Valley County,53420
38,035,Grand Forks County,50435
38,037,Grant County,39679
38,039,Griggs County,51192
38,041,Hettinger County,50038
38,043,Kidder County,46923
38,045,LaMoure County,53721
38,047,Logan County,44696
38,049,McHenry County,48887
38,051,McIntosh County,40258
38,053,McKenzie County,81209
38,055,McLean County,56616
38,057,Mercer County,74047
38,059,Morton County,54637
38,061,Mountrail County,66807
38,063,Nelson County,45040
38,065,Oliver County,62010
38,067,Pembina County,56298
38,069,Pierce County,39572
38,071,Ramsey County,51097
38,073,Ransom County,56270
38,075,Renville County,60957
38,077,Richland County,57177
38,079,Rolette County,35630
38,081,Sargent County,58467
38,083,Sheridan County,44990
38,085,Sioux County,33950
38,087,Slope County,55664
38,089,Stark County,76672
38,091,Steele County,59408
38,093,Stutsman County,53333
38,095,Towner County,51961
38,097,Traill County,58995
38,099,Walsh County,51754
38,101,Ward County,62526
38,103,Wells County,51470
38,105,Williams County,86354
39,000,Ohio,49349
39,001,Adams County,34116
39,003,Allen County,43602
39,005,Ashland County,47369
39,007,Ashtabula County,39757
39,009,Athens County,34216
39,011,Auglaize County,52650
39,013,Belmont County,41983
39,015,Brown County,46484
39,017,Butler County,58558
39,019,Carroll County,46177
39,021,Champaign County,50302
39,023,Clark County,42029
39,025,Clermont County,62158
39,027,Clinton County,49453
39,029,Columbiana County,42645
39,031,Coshocton County,41547
39,033,Crawford County,39881
39,035,Cuyahoga County,44138
39,037,Darke County,46610
39,039,Defiance County,53026
39,041,Delaware County,97802
39,043,Erie County,49234
39,045,Fairfield County,59921
39,047,Fayette County,44947
39,049,Franklin County,53164
39,051,Fulton County,54666
39,053,Gallia County,36675
39,055,Geauga County,72264
39,057,Greene County,59382
39,059,Guernsey County,41940
39,061,Hamilton County,48973
39,063,Hancock County,51498
39,065,Hardin County,45195
39,067,Harrison County,42582
39,069,Henry County,53645
39,071,Highland County,41611
39,073,Hocking County,42374
39,075,Holmes County,50069
39,077,Huron County,47824
39,079,Jackson County,41161
39,081,Jefferson County,40148
39,083,Knox County,46908
39,085,Lake County,58697
39,087,Lawrence County,41608
39,089,Licking County,57308
39,091,Logan County,50753
39,093,Lorain County,52331
39,095,Lucas County,42344
39,097,Madison County,52996
39,099,Mahoning County,41316
39,101,Marion County,42240
39,103,Medina County,68405
39,105,Meigs County,38081
39,107,Mercer County,52606
39,109,Miami County,51868
39,111,Monroe County,40646
39,113,Montgomery County,42994
39,115,Morgan County,37923
39,117,Morrow County,49846
39,119,Muskingum County,41814
39,121,Noble County,43953
39,123,Ottawa County,50345
39,125,Paulding County,47358
39,127,Perry County,43341
39,129,Pickaway County,54868
39,131,Pike County,40512
39,133,Portage County,52047
39,135,Preble County,49516
39,137,Putnam County,56519
39,139,Richland County,41948
39,141,Ross County,42466
39,143,Sandusky County,46447
39,145,Scioto County,37625
39,147,Seneca County,45003
39,149,Shelby County,50774
39,151,Stark County,47745
39,153,Summit County,50453
39,155,Trumbull County,43160
39,157,Tuscarawas County,46128
39,159,Union County,69900
39,161,Van Wert County,49565
39,163,Vinton County,37633
39,165,Warren County,72973
39,167,Washington County,45048
39,169,Wayne County,50106
39,171,Williams County,42214
39,173,Wood County,54996
39,175,Wyandot County,47905
40,000,Oklahoma,47524
40,001,Adair County,31386
40,003,Alfalfa County,51885
40,005,Atoka County,35910
40,007,Beaver County,56664
40,009,Beckham County,46625
40,011,Blaine County,44309
40,013,Bryan County,38187
40,015,Caddo County,39933
40,017,Canadian County,68421
40,019,Carter County,44402
40,021,Cherokee County,38027
40,023,Choctaw County,29652
40,025,Cimarron County,41800
40,027,Cleveland County,58205
40,029,Coal County,36566
40,031,Comanche County,46071
40,033,Cotton County,41469
40,035,Craig County,36953
40,037,Creek County,46614
40,039,Custer County,45574
40,041,Delaware County,36424
40,043,Dewey County,50348
40,045,Ellis County,52032
40,047,Garfield County,49136
40,049,Garvin County,40774
40,051,Grady County,51199
40,053,Grant County,49774
40,055,Greer County,34872
40,057,Harmon County,33750
40,059,Harper County,49204
40,061,Haskell County,35313
40,063,Hughes County,34837
40,065,Jackson County,41370
40,067,Jefferson County,32645
40,069,Johnston County,35977
40,071,Kay County,41514
40,073,Kingfisher County,59525
40,075,Kiowa County,36699
40,077,Latimer County,35522
40,079,Le Flore County,36627
40,081,Lincoln County,46083
40,083,Logan County,55602
40,085,Love County,52662
40,087,McClain County,58392
40,089,McCurtain County,34964
40,091,McIntosh County,33450
40,093,Major County,54107
40,095,Marshall County,38517
40,097,Mayes County,41806
40,099,Murray County,43783
40,101,Muskogee County,41015
40,103,Noble County,46874
40,105,Nowata County,39706
40,107,Okfuskee County,34172
40,109,Oklahoma County,48226
40,111,Okmulgee County,38183
40,113,Osage County,48014
40,115,Ottawa County,35580
40,117,Pawnee County,43476
40,119,Payne County,41037
40,121,Pittsburg County,39900
40,123,Pontotoc County,41423
40,125,Pottawatomie County,45710
40,127,Pushmataha County,32215
40,129,Roger Mills County,56139
40,131,Rogers County,56465
40,133,Seminole County,35964
40,135,Sequoyah County,35592
40,137,Stephens County,42967
40,139,Texas County,49780
40,141,Tillman County,35274
40,143,Tulsa County,50507
40,145,Wagoner County,58921
40,147,Washington County,49056
40,149,Washita County,47391
40,151,Woods County,48831
40,153,Woodward County,56067
41,000,Oregon,51088
41,001,Baker County,38966
41,003,Benton County,54089
41,005,Clackamas County,65555
41,007,Clatsop County,45132
41,009,Columbia County,57517
41,011,Coos County,39956
41,013,Crook County,38155
41,015,Curry County,40524
41,017,Deschutes County,52387
41,019,Douglas County,41504
41,021,Gilliam County,51978
41,023,Grant County,41304
41,025,Harney County,36340
41,027,Hood River County,54063
41,029,Jackson County,44835
41,031,Jefferson County,42753
41,033,Josephine County,37230
41,035,Klamath County,39234
41,037,Lake County,40328
41,039,Lane County,44976
41,041,Lincoln County,40226
41,043,Linn County,44358
41,045,Malheur County,35094
41,047,Marion County,48554
41,049,Morrow County,51839
41,051,Multnomah County,53519
41,053,Polk County,52626
41,055,Sherman County,53277
41,057,Tillamook County,41662
41,059,Umatilla County,44780
41,061,Union County,44841
41,063,Wallowa County,39743
41,065,Wasco County,44010
41,067,Washington County,66315
41,069,Wheeler County,33387
41,071,Yamhill County,52903
42,000,Pennsylvania,53224
42,001,Adams County,60179
42,003,Allegheny County,52385
42,005,Armstrong County,44326
42,007,Beaver County,51041
42,009,Bedford County,46890
42,011,Berks County,55936
42,013,Blair County,43343
42,015,Bradford County,47242
42,017,Bucks County,77823
42,019,Butler County,60851
42,021,Cambria County,42703
42,023,Cameron County,40257
42,025,Carbon County,49252
42,027,Centre County,51573
42,029,Chester County,85613
42,031,Clarion County,43202
42,033,Clearfield County,40230
42,035,Clinton County,44224
42,037,Columbia County,46938
42,039,Crawford County,43969
42,041,Cumberland County,62692
42,043,Dauphin County,52967
42,045,Delaware County,62867
42,047,Elk County,46965
42,049,Erie County,45476
42,051,Fayette County,36902
42,053,Forest County,37794
42,055,Franklin County,50434
42,057,Fulton County,48084
42,059,Greene County,49897
42,061,Huntingdon County,44531
42,063,Indiana County,42611
42,065,Jefferson County,43810
42,067,Juniata County,48944
42,069,Lackawanna County,45098
42,071,Lancaster County,57369
42,073,Lawrence County,44903
42,075,Lebanon County,53861
42,077,Lehigh County,58283
42,079,Luzerne County,44222
42,081,Lycoming County,45211
42,083,Mc Kean County,44723
42,085,Mercer County,43559
42,087,Mifflin County,40957
42,089,Monroe County,59492
42,091,Montgomery County,79576
42,093,Montour County,54547
42,095,Northampton County,61510
42,097,Northumberland County,40429
42,099,Perry County,54920
42,101,Philadelphia County,39037
42,103,Pike County,58375
42,105,Potter County,40323
42,107,Schuylkill County,43169
42,109,Snyder County,49117
42,111,Somerset County,45706
42,113,Sullivan County,44191
42,115,Susquehanna County,49552
42,117,Tioga County,47360
42,119,Union County,47996
42,121,Venango County,43810
42,123,Warren County,44651
42,125,Washington County,55796
42,127,Wayne County,48663
42,129,Westmoreland County,53536
42,131,Wyoming County,55882
42,133,York County,58471
44,000,Rhode Island,54797
44,001,Bristol County,68246
44,003,Kent County,61923
44,005,Newport County,69203
44,007,Providence County,47278
44,009,Washington County,70705
45,000,South Carolina,45337
45,001,Abbeville County,35525
45,003,Aiken County,48537
45,005,Allendale County,25530
45,007,Anderson County,43124
45,009,Bamberg County,30349
45,011,Barnwell County,32205
45,013,Beaufort County,55427
45,015,Berkeley County,52436
45,017,Calhoun County,41209
45,019,Charleston County,52752
45,021,Cherokee County,38947
45,023,Chester County,37537
45,025,Chesterfield County,34949
45,027,Clarendon County,32268
45,029,Colleton County,35558
45,031,Darlington County,35640
45,033,Dillon County,30516
45,035,Dorchester County,56388
45,037,Edgefield County,44129
45,039,Fairfield County,35490
45,041,Florence County,42232
45,043,Georgetown County,44283
45,045,Greenville County,49659
45,047,Greenwood County,38878
45,049,Hampton County,33644
45,051,Horry County,42830
45,053,Jasper County,37715
45,055,Kershaw County,45411
45,057,Lancaster County,44854
45,059,Laurens County,38268
45,061,Lee County,31510
45,063,Lexington County,54098
45,065,McCormick County,38694
45,067,Marion County,32283
45,069,Marlboro County,31170
45,071,Newberry County,42000
45,073,Oconee County,39548
45,075,Orangeburg County,31382
45,077,Pickens County,41375
45,079,Richland County,49782
45,081,Saluda County,42286
45,083,Spartanburg County,44050
45,085,Sumter County,37906
45,087,Union County,37501
45,089,Williamsburg County,29609
45,091,York County,54196
46,000,South Dakota,51059
46,003,Aurora County,50896
46,005,Beadle County,49583
46,007,Bennett County,34326
46,009,Bon Homme County,47987
46,011,Brookings County,52930
46,013,Brown County,53150
46,015,Brule County,47224
46,017,Buffalo County,21658
46,019,Butte County,41446
46,021,Campbell County,49895
46,023,Charles Mix County,41395
46,025,Clark County,48024
46,027,Clay County,43453
46,029,Codington County,52892
46,031,Corson County,31420
46,033,Custer County,51244
46,035,Davison County,48675
46,037,Day County,43305
46,039,Deuel County,51246
46,041,Dewey County,34936
46,043,Douglas County,49251
46,045,Edmunds County,57148
46,047,Fall River County,42007
46,049,Faulk County,46633
46,051,Grant County,52816
46,053,Gregory County,36836
46,055,Haakon County,43699
46,057,Hamlin County,53944
46,059,Hand County,51201
46,061,Hanson County,61945
46,063,Harding County,49220
46,065,Hughes County,58340
46,067,Hutchinson County,48879
46,069,Hyde County,49184
46,071,Jackson County,31922
46,073,Jerauld County,48773
46,075,Jones County,44876
46,077,Kingsbury County,51837
46,079,Lake County,53175
46,081,Lawrence County,45945
46,083,Lincoln County,79857
46,085,Lyman County,40639
46,087,McCook County,57741
46,089,McPherson County,38469
46,091,Marshall County,50155
46,093,Meade County,54771
46,095,Mellette County,34237
46,097,Miner County,49159
46,099,Minnehaha County,55107
46,101,Moody County,53654
46,103,Pennington County,48379
46,105,Perkins County,39936
46,107,Potter County,52758
46,109,Roberts County,45911
46,111,Sanborn County,46281
46,113,Shannon County,27244
46,115,Spink County,48125
46,117,Stanley County,67172
46,119,Sully County,59879
46,121,Todd County,27481
46,123,Tripp County,40545
46,125,Turner County,55708
46,127,Union County,72041
46,129,Walworth County,41831
46,135,Yankton County,47363
46,137,Ziebach County,32025
47,000,Tennessee,44357
47,001,Anderson County,46689
47,003,Bedford County,42252
47,005,Benton County,34382
47,007,Bledsoe County,34948
47,009,Blount County,47175
47,011,Bradley County,43065
47,013,Campbell County,33333
47,015,Cannon County,41068
47,017,Carroll County,36627
47,019,Carter County,34354
47,021,Cheatham County,51475
47,023,Chester County,40980
47,025,Claiborne County,33640
47,027,Clay County,30744
47,029,Cocke County,30860
47,031,Coffee County,45235
47,033,Crockett County,37853
47,035,Cumberland County,40839
47,037,Davidson County,48195
47,039,Decatur County,37417
47,041,DeKalb County,38595
47,043,Dickson County,45914
47,045,Dyer County,43425
47,047,Fayette County,56573
47,049,Fentress County,30299
47,051,Franklin County,43851
47,053,Gibson County,37498
47,055,Giles County,41326
47,057,Grainger County,35704
47,059,Greene County,36740
47,061,Grundy County,28086
47,063,Hamblen County,37410
47,065,Hamilton County,48380
47,067,Hancock County,27323
47,069,Hardeman County,35321
47,071,Hardin County,36285
47,073,Hawkins County,39506
47,075,Haywood County,35470
47,077,Henderson County,39303
47,079,Henry County,37151
47,081,Hickman County,37443
47,083,Houston County,39753
47,085,Humphreys County,42837
47,087,Jackson County,35379
47,089,Jefferson County,41235
47,091,Johnson County,31330
47,093,Knox County,47199
47,095,Lake County,28524
47,097,Lauderdale County,33595
47,099,Lawrence County,34614
47,101,Lewis County,36255
47,103,Lincoln County,41802
47,105,Loudon County,53945
47,107,McMinn County,39528
47,109,McNairy County,34882
47,111,Macon County,36886
47,113,Madison County,43113
47,115,Marion County,40766
47,117,Marshall County,42839
47,119,Maury County,51303
47,121,Meigs County,34801
47,123,Monroe County,37392
47,125,Montgomery County,50935
47,127,Moore County,50358
47,129,Morgan County,36390
47,131,Obion County,40683
47,133,Overton County,35884
47,135,Perry County,33776
47,137,Pickett County,31996
47,139,Polk County,36643
47,141,Putnam County,37693
47,143,Rhea County,37952
47,145,Roane County,43269
47,147,Robertson County,52640
47,149,Rutherford County,53799
47,151,Scott County,31397
47,153,Sequatchie County,44111
47,155,Sevier County,39905
47,157,Shelby County,44015
47,159,Smith County,43659
47,161,Stewart County,41590
47,163,Sullivan County,38840
47,165,Sumner County,58291
47,167,Tipton County,52339
47,169,Trousdale County,40251
47,171,Unicoi County,37632
47,173,Union County,37453
47,175,Van Buren County,34884
47,177,Warren County,36942
47,179,Washington County,43212
47,181,Wayne County,33573
47,183,Weakley County,36205
47,185,White County,35400
47,187,Williamson County,97936
47,189,Wilson County,60955
48,000,Texas,53067
48,001,Anderson County,42471
48,003,Andrews County,66878
48,005,Angelina County,42128
48,007,Aransas County,44551
48,009,Archer County,58867
48,011,Armstrong County,55177
48,013,Atascosa County,52785
48,015,Austin County,58792
48,017,Bailey County,36821
48,019,Bandera County,50107
48,021,Bastrop County,52886
48,023,Baylor County,36027
48,025,Bee County,40680
48,027,Bell County,51048
48,029,Bexar County,50699
48,031,Blanco County,57177
48,033,Borden County,61750
48,035,Bosque County,44397
48,037,Bowie County,41883
48,039,Brazoria County,73788
48,041,Brazos County,41641
48,043,Brewster County,40179
48,045,Briscoe County,42139
48,047,Brooks County,27875
48,049,Brown County,41316
48,051,Burleson County,48140
48,053,Burnet County,53203
48,055,Caldwell County,47227
48,057,Calhoun County,46705
48,059,Callahan County,40796
48,061,Cameron County,32215
48,063,Camp County,37801
48,065,Carson County,58425
48,067,Cass County,39256
48,069,Castro County,42966
48,071,Chambers County,77281
48,073,Cherokee County,38465
48,075,Childress County,39025
48,077,Clay County,50993
48,079,Cochran County,39870
48,081,Coke County,41593
48,083,Coleman County,37497
48,085,Collin County,86634
48,087,Collingsworth County,38655
48,089,Colorado County,46484
48,091,Comal County,64533
48,093,Comanche County,38280
48,095,Concho County,40837
48,097,Cooke County,57378
48,099,Coryell County,47018
48,101,Cottle County,32722
48,103,Crane County,61098
48,105,Crockett County,49614
48,107,Crosby County,36627
48,109,Culberson County,33637
48,111,Dallam County,43523
48,113,Dallas County,50118
48,115,Dawson County,41876
48,117,Deaf Smith County,41499
48,119,Delta County,38304
48,121,Denton County,74569
48,123,DeWitt County,45717
48,125,Dickens County,35924
48,127,Dimmit County,36856
48,129,Donley County,37263
48,131,Duval County,35069
48,133,Eastland County,36591
48,135,Ector County,55555
48,137,Edwards County,35554
48,139,Ellis County,61157
48,141,El Paso County,40081
48,143,Erath County,41914
48,145,Falls County,35491
48,147,Fannin County,43211
48,149,Fayette County,49830
48,151,Fisher County,44519
48,153,Floyd County,36898
48,155,Foard County,33442
48,157,Fort Bend County,88516
48,159,Franklin County,42099
48,161,Freestone County,46526
48,163,Frio County,34206
48,165,Gaines County,50709
48,167,Galveston County,58333
48,169,Garza County,49947
48,171,Gillespie County,52814
48,173,Glasscock County,73335
48,175,Goliad County,49369
48,177,Gonzales County,42291
48,179,Gray County,49012
48,181,Grayson County,49261
48,183,Gregg County,50020
48,185,Grimes County,44795
48,187,Guadalupe County,61825
48,189,Hale County,40213
48,191,Hall County,33324
48,193,Hamilton County,41207
48,195,Hansford County,50698
48,197,Hardeman County,36992
48,199,Hardin County,53872
48,201,Harris County,54230
48,203,Harrison County,48461
48,205,Hartley County,64182
48,207,Haskell County,35607
48,209,Hays County,59569
48,211,Hemphill County,66505
48,213,Henderson County,40921
48,215,Hidalgo County,34368
48,217,Hill County,41521
48,219,Hockley County,50124
48,221,Hood County,55472
48,223,Hopkins County,44076
48,225,Houston County,33698
48,227,Howard County,47299
48,229,Hudspeth County,32086
48,231,Hunt County,43385
48,233,Hutchinson County,51508
48,235,Irion County,63054
48,237,Jack County,52030
48,239,Jackson County,52185
48,241,Jasper County,41017
48,243,Jeff Davis County,46364
48,245,Jefferson County,41147
48,247,Jim Hogg County,36929
48,249,Jim Wells County,46200
48,251,Johnson County,55926
48,253,Jones County,41079
48,255,Karnes County,43986
48,257,Kaufman County,57585
48,259,Kendall County,77764
48,261,Kenedy County,38451
48,263,Kent County,43026
48,265,Kerr County,44113
48,267,Kimble County,38750
48,269,King County,64203
48,271,Kinney County,39335
48,273,Kleberg County,40884
48,275,Knox County,36929
48,277,Lamar County,41009
48,279,Lamb County,37111
48,281,Lampasas County,50699
48,283,La Salle County,38012
48,285,Lavaca County,47041
48,287,Lee County,52895
48,289,Leon County,45159
48,291,Liberty County,47123
48,293,Limestone County,37256
48,295,Lipscomb County,60810
48,297,Live Oak County,51481
48,299,Llano County,45096
48,301,Loving County,55819
48,303,Lubbock County,45719
48,305,Lynn County,41589
48,307,McCulloch County,39649
48,309,McLennan County,43488
48,311,McMullen County,61571
48,313,Madison County,39030
48,315,Marion County,34452
48,317,Martin County,61896
48,319,Mason County,42820
48,321,Matagorda County,41587
48,323,Maverick County,32248
48,325,Medina County,53440
48,327,Menard County,32580
48,329,Midland County,74811
48,331,Milam County,41849
48,333,Mills County,38564
48,335,Mitchell County,41363
48,337,Montague County,48996
48,339,Montgomery County,70929
48,341,Moore County,42839
48,343,Morris County,37954
48,345,Motley County,37936
48,347,Nacogdoches County,38895
48,349,Navarro County,43091
48,351,Newton County,39135
48,353,Nolan County,38742
48,355,Nueces County,51222
48,357,Ochiltree County,61773
48,359,Oldham County,54458
48,361,Orange County,48834
48,363,Palo Pinto County,40862
48,365,Panola County,48822
48,367,Parker County,67655
48,369,Parmer County,41813
48,371,Pecos County,44817
48,373,Polk County,41401
48,375,Potter County,38224
48,377,Presidio County,34258
48,379,Rains County,47834
48,381,Randall County,64636
48,383,Reagan County,62376
48,385,Real County,37294
48,387,Red River County,34340
48,389,Reeves County,39006
48,391,Refugio County,43654
48,393,Roberts County,69424
48,395,Robertson County,43194
48,397,Rockwall County,84692
48,399,Runnels County,38607
48,401,Rusk County,46427
48,403,Sabine County,35701
48,405,San Augustine County,32826
48,407,San Jacinto County,43087
48,409,San Patricio County,51958
48,411,San Saba County,38000
48,413,Schleicher County,50361
48,415,Scurry County,56444
48,417,Shackelford County,55130
48,419,Shelby County,35772
48,421,Sherman County,49309
48,423,Smith County,45363
48,425,Somervell County,51733
48,427,Starr County,26699
48,429,Stephens County,44110
48,431,Sterling County,59854
48,433,Stonewall County,42780
48,435,Sutton County,60435
48,437,Swisher County,37527
48,439,Tarrant County,58127
48,441,Taylor County,45559
48,443,Terrell County,39503
48,445,Terry County,38752
48,447,Throckmorton County,43618
48,449,Titus County,40680
48,451,Tom Green County,45261
48,453,Travis County,61779
48,455,Trinity County,36645
48,457,Tyler County,40442
48,459,Upshur County,46346
48,461,Upton County,55918
48,463,Uvalde County,37933
48,465,Val Verde County,41437
48,467,Van Zandt County,43377
48,469,Victoria County,51003
48,471,Walker County,39984
48,473,Waller County,50589
48,475,Ward County,53244
48,477,Washington County,55139
48,479,Webb County,37935
48,481,Wharton County,44110
48,483,Wheeler County,52548
48,485,Wichita County,43379
48,487,Wilbarger County,39377
48,489,Willacy County,29782
48,491,Williamson County,73098
48,493,Wilson County,62752
48,495,Winkler County,55493
48,497,Wise County,59904
48,499,Wood County,42753
48,501,Yoakum County,60738
48,503,Young County,41872
48,505,Zapata County,33291
48,507,Zavala County,26336
49,000,Utah,60943
49,001,Beaver County,50818
49,003,Box Elder County,56313
49,005,Cache County,51735
49,007,Carbon County,47340
49,009,Daggett County,53006
49,011,Davis County,70797
49,013,Duchesne County,61976
49,015,Emery County,49709
49,017,Garfield County,45666
49,019,Grand County,43344
49,021,Iron County,43615
49,023,Juab County,55204
49,025,Kane County,48456
49,027,Millard County,52623
49,029,Morgan County,82597
49,031,Piute County,37730
49,033,Rich County,56772
49,035,Salt Lake County,62536
49,037,San Juan County,40590
49,039,Sanpete County,44644
49,041,Sevier County,48622
49,043,Summit County,92560
49,045,Tooele County,64193
49,047,Uintah County,65489
49,049,Utah County,60957
49,051,Wasatch County,65207
49,053,Washington County,50169
49,055,Wayne County,42366
49,057,Weber County,59293
50,000,Vermont,54153
50,001,Addison County,59089
50,003,Bennington County,44674
50,005,Caledonia County,45029
50,007,Chittenden County,61908
50,009,Essex County,35570
50,011,Franklin County,59184
50,013,Grand Isle County,60081
50,015,Lamoille County,49142
50,017,Orange County,53025
50,019,Orleans County,42089
50,021,Rutland County,44888
50,023,Washington County,58673
50,025,Windham County,49616
50,027,Windsor County,51513
51,000,Virginia,64923
51,001,Accomack County,38390
51,003,Albemarle County,67083
51,005,Alleghany County,45454
51,007,Amelia County,51738
51,009,Amherst County,43998
51,011,Appomattox County,44397
51,013,Arlington County,107143
51,015,Augusta County,57808
51,017,Bath County,43852
51,019,Bedford County,55507
51,021,Bland County,42624
51,023,Botetourt County,63646
51,025,Brunswick County,37344
51,027,Buchanan County,32083
51,029,Buckingham County,38731
51,031,Campbell County,46663
51,033,Caroline County,56099
51,035,Carroll County,38474
51,036,Charles City County,49768
51,037,Charlotte County,36339
51,041,Chesterfield County,72972
51,043,Clarke County,70281
51,045,Craig County,46551
51,047,Culpeper County,62394
51,049,Cumberland County,41409
51,051,Dickenson County,32103
51,053,Dinwiddie County,52288
51,057,Essex County,48277
51,059,Fairfax County,110507
51,061,Fauquier County,89106
51,063,Floyd County,43355
51,065,Fluvanna County,64258
51,067,Franklin County,47419
51,069,Frederick County,65485
51,071,Giles County,45979
51,073,Gloucester County,58900
51,075,Goochland County,86610
51,077,Grayson County,31893
51,079,Greene County,61762
51,081,Greensville County,36459
51,083,Halifax County,39079
51,085,Hanover County,81940
51,087,Henrico County,62446
51,089,Henry County,34842
51,091,Highland County,38636
51,093,Isle of Wight County,64350
51,095,James City County,75926
51,097,King and Queen County,46331
51,099,King George County,76206
51,101,King William County,64305
51,103,Lancaster County,45827
51,105,Lee County,31429
51,107,Loudoun County,122641
51,109,Louisa County,60121
51,111,Lunenburg County,37548
51,113,Madison County,52513
51,115,Mathews County,58268
51,117,Mecklenburg County,38500
51,119,Middlesex County,48921
51,121,Montgomery County,43484
51,125,Nelson County,48076
51,127,New Kent County,72406
51,131,Northampton County,36822
51,133,Northumberland County,51422
51,135,Nottoway County,37996
51,137,Orange County,59282
51,139,Page County,44851
51,141,Patrick County,34885
51,143,Pittsylvania County,44207
51,145,Powhatan County,75539
51,147,Prince Edward County,37543
51,149,Prince George County,61792
51,153,Prince William County,91886
51,155,Pulaski County,46186
51,157,Rappahannock County,62800
51,159,Richmond County,42204
51,161,Roanoke County,61935
51,163,Rockbridge County,48497
51,165,Rockingham County,55798
51,167,Russell County,37378
51,169,Scott County,36290
51,171,Shenandoah County,45430
51,173,Smyth County,37831
51,175,Southampton County,46521
51,177,Spotsylvania County,75714
51,179,Stafford County,92647
51,181,Surry County,48707
51,183,Sussex County,37748
51,185,Tazewell County,38292
51,187,Warren County,60714
51,191,Washington County,43353
51,193,Westmoreland County,48232
51,195,Wise County,38528
51,197,Wythe County,41132
51,199,York County,81169
51,510,Alexandria city,86419
51,520,Bristol city,34099
51,530,Buena Vista city,38331
51,540,Charlottesville city,45890
51,550,Chesapeake city,66625
51,570,Colonial Heights city,52355
51,580,Covington city,36503
51,590,Danville city,33646
51,595,Emporia city,33160
51,600,Fairfax city,94067
51,610,Falls Church city,125635
51,620,Franklin city,38583
51,630,Fredericksburg city,51195
51,640,Galax city,33182
51,650,Hampton city,47615
51,660,Harrisonburg city,38541
51,670,Hopewell city,40122
51,678,Lexington city,40829
51,680,Lynchburg city,40065
51,683,Manassas city,72510
51,685,Manassas Park city,73065
51,690,Martinsville city,29971
51,700,Newport News city,48440
51,710,Norfolk city,42567
51,720,Norton city,31620
51,730,Petersburg city,32749
51,735,Poquoson city,84213
51,740,Portsmouth city,43045
51,750,Radford city,34267
51,760,Richmond city,42074
51,770,Roanoke city,40735
51,775,Salem city,54195
51,790,Staunton city,42552
51,800,Suffolk city,60735
51,810,Virginia Beach city,67676
51,820,Waynesboro city,44843
51,830,Williamsburg city,46954
51,840,Winchester city,44537
53,000,Washington,61358
53,001,Adams County,47423
53,003,Asotin County,44055
53,005,Benton County,58750
53,007,Chelan County,49174
53,009,Clallam County,47185
53,011,Clark County,61747
53,013,Columbia County,45465
53,015,Cowlitz County,44235
53,017,Douglas County,51151
53,019,Ferry County,39992
53,021,Franklin County,55006
53,023,Garfield County,46404
53,025,Grant County,50388
53,027,Grays Harbor County,43205
53,029,Island County,59358
53,031,Jefferson County,50964
53,033,King County,75738
53,035,Kitsap County,61898
53,037,Kittitas County,48127
53,039,Klickitat County,49348
53,041,Lewis County,44243
53,043,Lincoln County,49955
53,045,Mason County,52313
53,047,Okanogan County,37782
53,049,Pacific County,40189
53,051,Pend Oreille County,42579
53,053,Pierce County,60397
53,055,San Juan County,54721
53,057,Skagit County,51395
53,059,Skamania County,52673
53,061,Snohomish County,71890
53,063,Spokane County,50083
53,065,Stevens County,43823
53,067,Thurston County,61653
53,069,Wahkiakum County,51022
53,071,Walla Walla County,49819
53,073,Whatcom County,53733
53,075,Whitman County,41837
53,077,Yakima County,44342
54,000,West Virginia,41030
54,001,Barbour County,35615
54,003,Berkeley County,56737
54,005,Boone County,37625
54,007,Braxton County,33817
54,009,Brooke County,43572
54,011,Cabell County,34887
54,013,Calhoun County,32162
54,015,Clay County,32961
54,017,Doddridge County,41838
54,019,Fayette County,36739
54,021,Gilmer County,32705
54,023,Grant County,41039
54,025,Greenbrier County,36996
54,027,Hampshire County,35980
54,029,Hancock County,48178
54,031,Hardy County,41010
54,033,Harrison County,42121
54,035,Jackson County,41121
54,037,Jefferson County,66950
54,039,Kanawha County,43936
54,041,Lewis County,40568
54,043,Lincoln County,34295
54,045,Logan County,36437
54,047,McDowell County,24707
54,049,Marion County,43729
54,051,Marshall County,43356
54,053,Mason County,35799
54,055,Mercer County,35046
54,057,Mineral County,40012
54,059,Mingo County,29839
54,061,Monongalia County,43835
54,063,Monroe County,36351
54,065,Morgan County,44446
54,067,Nicholas County,36375
54,069,Ohio County,40195
54,071,Pendleton County,38204
54,073,Pleasants County,44801
54,075,Pocahontas County,34341
54,077,Preston County,41420
54,079,Putnam County,59472
54,081,Raleigh County,40270
54,083,Randolph County,37468
54,085,Ritchie County,46383
54,087,Roane County,33041
54,089,Summers County,32456
54,091,Taylor County,40305
54,093,Tucker County,36466
54,095,Tyler County,41019
54,097,Upshur County,38387
54,099,Wayne County,37242
54,101,Webster County,29331
54,103,Wetzel County,40013
54,105,Wirt County,38600
54,107,Wood County,41932
54,109,Wyoming County,34419
55,000,Wisconsin,52632
55,001,Adams County,42063
55,003,Ashland County,41294
55,005,Barron County,46375
55,007,Bayfield County,44395
55,009,Brown County,54141
55,011,Buffalo County,50998
55,013,Burnett County,41810
55,015,Calumet County,68430
55,017,Chippewa County,52485
55,019,Clark County,45316
55,021,Columbia County,59020
55,023,Crawford County,43562
55,025,Dane County,61937
55,027,Dodge County,54359
55,029,Door County,49717
55,031,Douglas County,46475
55,033,Dunn County,52224
55,035,Eau Claire County,48102
55,037,Florence County,44562
55,039,Fond du Lac County,52149
55,041,Forest County,41418
55,043,Grant County,46972
55,045,Green County,53328
55,047,Green Lake County,51175
55,049,Iowa County,58419
55,051,Iron County,39408
55,053,Jackson County,47985
55,055,Jefferson County,56365
55,057,Juneau County,45158
55,059,Kenosha County,53945
55,061,Kewaunee County,56160
55,063,La Crosse County,49790
55,065,Lafayette County,52260
55,067,Langlade County,40968
55,069,Lincoln County,48881
55,071,Manitowoc County,48430
55,073,Marathon County,54400
55,075,Marinette County,43701
55,077,Marquette County,43661
55,078,Menominee County,36774
55,079,Milwaukee County,42946
55,081,Monroe County,52978
55,083,Oconto County,52776
55,085,Oneida County,49040
55,087,Outagamie County,59377
55,089,Ozaukee County,77364
55,091,Pepin County,53828
55,093,Pierce County,68471
55,095,Polk County,52411
55,097,Portage County,52075
55,099,Price County,42659
55,101,Racine County,54782
55,103,Richland County,44026
55,105,Rock County,51237
55,107,Rusk County,39999
55,109,St. Croix County,75920
55,111,Sauk County,50243
55,113,Sawyer County,40701
55,115,Shawano County,47841
55,117,Sheboygan County,55335
55,119,Taylor County,48683
55,121,Trempealeau County,50266
55,123,Vernon County,46943
55,125,Vilas County,41211
55,127,Walworth County,52852
55,129,Washburn County,42079
55,131,Washington County,69346
55,133,Waukesha County,76584
55,135,Waupaca County,52850
55,137,Waushara County,46835
55,139,Winnebago County,52711
55,141,Wood County,51003
56,000,Wyoming,58291
56,001,Albany County,42838
56,003,Big Horn County,50437
56,005,Campbell County,79358
56,007,Carbon County,58225
56,009,Converse County,63166
56,011,Crook County,59701
56,013,Fremont County,48624
56,015,Goshen County,45721
56,017,Hot Springs County,44427
56,019,Johnson County,51434
56,021,Laramie County,57192
56,023,Lincoln County,63575
56,025,Natrona County,57427
56,027,Niobrara County,45251
56,029,Park County,55354
56,031,Platte County,49713
56,033,Sheridan County,54716
56,035,Sublette County,77222
56,037,Sweetwater County,72604
56,039,Teton County,75348
56,041,Uinta County,56800
56,043,Washakie County,50802
56,045,Weston County,55520
56,,,
56,,,
56,,,